SNP	chr.outcome	pos.outcome	other_allele.outcome	effect_allele.outcome	pval.outcome	beta.outcome	se.outcome	eaf.outcome	outcome	mr_keep.outcome	pval_origin.outcome	id.outcome
rs10216901	8	39947074	C	T	0.391203	-0.0312358	0.0364292	0.379971	Myocarditis	TRUE	reported	finngen_R10_I9_MYOCARD
rs10240723	7	97981884	C	T	0.0341633	0.0761761	0.0359638	0.42659	Myocarditis	TRUE	reported	finngen_R10_I9_MYOCARD
rs1047891	2	210675783	C	A	0.290799	-0.0401956	0.0380506	0.322937	Myocarditis	TRUE	reported	finngen_R10_I9_MYOCARD
rs10774021	12	240132	C	T	0.0185815	-0.0896955	0.0381063	0.684435	Myocarditis	TRUE	reported	finngen_R10_I9_MYOCARD
rs1115784	8	18397900	A	G	0.0304761	-0.0814124	0.037624	0.327702	Myocarditis	TRUE	reported	finngen_R10_I9_MYOCARD
rs1171615	10	59709332	C	T	0.806743	0.0117693	0.0481105	0.840344	Myocarditis	TRUE	reported	finngen_R10_I9_MYOCARD
rs12545528	8	18414438	G	T	0.913918	0.00399304	0.0369389	0.356018	Myocarditis	TRUE	reported	finngen_R10_I9_MYOCARD
rs139097404	15	43641743	T	C	0.281749	-0.28135	0.261381	0.00469198	Myocarditis	TRUE	reported	finngen_R10_I9_MYOCARD
rs1510303	7	97744357	G	A	0.327101	0.0347414	0.0354515	0.53858	Myocarditis	TRUE	reported	finngen_R10_I9_MYOCARD
rs1620646	7	97996146	C	A	0.0876032	-0.098435	0.0576258	0.10896	Myocarditis	TRUE	reported	finngen_R10_I9_MYOCARD
rs17243908	11	27095194	A	C	0.723994	-0.0390191	0.110497	0.025808	Myocarditis	TRUE	reported	finngen_R10_I9_MYOCARD
rs174560	11	61814292	T	C	0.27184	-0.0397606	0.0361843	0.388804	Myocarditis	TRUE	reported	finngen_R10_I9_MYOCARD
rs2072536	12	204273	C	T	0.275048	-0.0399189	0.0365721	0.385035	Myocarditis	TRUE	reported	finngen_R10_I9_MYOCARD
rs2169387	8	9323885	A	G	0.618991	0.0249785	0.0502301	0.854568	Myocarditis	TRUE	reported	finngen_R10_I9_MYOCARD
rs2255531	12	120977112	G	A	0.578282	0.0202603	0.0364463	0.393297	Myocarditis	TRUE	reported	finngen_R10_I9_MYOCARD
rs2282377	14	104105483	C	G	0.408671	0.0447481	0.054159	0.121032	Myocarditis	TRUE	reported	finngen_R10_I9_MYOCARD
rs3184504	12	111446804	T	C	0.178608	-0.0486015	0.0361335	0.596136	Myocarditis	TRUE	reported	finngen_R10_I9_MYOCARD
rs35853021	15	58388444	G	T	0.0476431	0.0715595	0.0361313	0.399544	Myocarditis	TRUE	reported	finngen_R10_I9_MYOCARD
rs438811	19	44913484	C	T	0.645473	-0.0191557	0.0416375	0.238337	Myocarditis	TRUE	reported	finngen_R10_I9_MYOCARD
rs4843270	16	87844466	C	A	0.0477617	0.0830729	0.0419669	0.229085	Myocarditis	TRUE	reported	finngen_R10_I9_MYOCARD
rs61825638	1	241550102	C	T	0.0202446	0.0969469	0.0417554	0.235566	Myocarditis	TRUE	reported	finngen_R10_I9_MYOCARD
rs633695	15	58433640	A	G	0.930287	-0.00336696	0.0384864	0.304332	Myocarditis	TRUE	reported	finngen_R10_I9_MYOCARD
rs6540080	16	87784963	G	A	0.469511	0.0268323	0.0370984	0.354279	Myocarditis	TRUE	reported	finngen_R10_I9_MYOCARD
rs77692382	1	39941043	C	T	0.1064	0.0714519	0.044254	0.200319	Myocarditis	TRUE	reported	finngen_R10_I9_MYOCARD
rs780093	2	27519736	T	C	0.178082	-0.0500351	0.0371543	0.647936	Myocarditis	TRUE	reported	finngen_R10_I9_MYOCARD
rs7836592	8	18157388	C	T	0.649931	0.0161269	0.0355329	0.545486	Myocarditis	TRUE	reported	finngen_R10_I9_MYOCARD
rs971770	8	18360305	T	C	0.0301953	0.118462	0.0546535	0.881934	Myocarditis	TRUE	reported	finngen_R10_I9_MYOCARD
