SNP	effect_allele.exposure	other_allele.exposure	effect_allele.outcome	other_allele.outcome	beta.exposure	beta.outcome	eaf.exposure	eaf.outcome	remove	palindromic	ambiguous	id.outcome	chr.outcome	pos.outcome	pval.outcome	se.outcome	outcome	mr_keep.outcome	pval_origin.outcome	se.exposure	pval.exposure	chr.exposure	pos.exposure	exposure	mr_keep.exposure	pval_origin.exposure	id.exposure	gcst	F_stat	pval.exposure.raw	chr_exp	pos_exp	ea_exp	oa_exp	locus	action	SNP_index	mr_keep	samplesize.outcome
rs10216901	T	C	T	C	-0.092585	-0.0312358	0.372432	0.379971	FALSE	FALSE	FALSE	finngen_R10_I9_MYOCARD	8	39947074	0.391203	0.0364292	Myocarditis	TRUE	reported	0.0153069	1.4614e-09	8	39947074	Kynurenine levels	TRUE	reported	ebi-met1400-GCST90199636	GCST90199636	36.5853127439895	1.4614e-09	8	39947074	T	C	8:39947074	2	1	TRUE	
rs3184504	C	T	C	T	-0.108142	-0.0486015	0.513669	0.596136	FALSE	FALSE	FALSE	finngen_R10_I9_MYOCARD	12	111446804	0.178608	0.0361335	Myocarditis	TRUE	reported	0.0148104	2.83947e-13	12	111446804	Kynurenine levels	TRUE	reported	ebi-met1400-GCST90199636	GCST90199636	53.3157126022874	2.83947e-13	12	111446804	C	T	12:111446804	2	1	TRUE	
rs4843270	A	C	A	C	0.205627	0.0830729	0.265349	0.229085	FALSE	FALSE	FALSE	finngen_R10_I9_MYOCARD	16	87844466	0.0477617	0.0419669	Myocarditis	TRUE	reported	0.0165261	1.53431e-35	16	87844466	Kynurenine levels	TRUE	reported	ebi-met1400-GCST90199636	GCST90199636	154.817313182933	1.53431e-35	16	87844466	A	C	16:87844466	2	1	TRUE	
rs61825638	T	C	T	C	0.130031	0.0969469	0.246402	0.235566	FALSE	FALSE	FALSE	finngen_R10_I9_MYOCARD	1	241550102	0.0202446	0.0417554	Myocarditis	TRUE	reported	0.0171027	2.89497e-14	1	241550102	Kynurenine levels	TRUE	reported	ebi-met1400-GCST90199636	GCST90199636	57.8048727391462	2.89497e-14	1	241550102	T	C	1:241550102	2	1	TRUE	
rs6540080	A	G	A	G	-0.107927	0.0268323	0.287217	0.354279	FALSE	FALSE	FALSE	finngen_R10_I9_MYOCARD	16	87784963	0.469511	0.0370984	Myocarditis	TRUE	reported	0.0164258	5.01151e-11	16	87784963	Kynurenine levels	TRUE	reported	ebi-met1400-GCST90199636	GCST90199636	43.1724951641605	5.01151e-11	16	87784963	A	G	16:87784963	2	1	TRUE	
rs10240723	T	C	T	C	-0.241981	0.0761761	0.381729	0.42659	FALSE	FALSE	FALSE	finngen_R10_I9_MYOCARD	7	97981884	0.0341633	0.0359638	Myocarditis	TRUE	reported	0.0147294	1.19812e-60	7	97981884	X-25422 levels	TRUE	reported	ebi-met1400-GCST90200661	GCST90200661	269.893497765411	1.19812e-60	7	97981884	T	C	7:97981884	2	1	TRUE	
rs1047891	A	C	A	C	0.0853351	-0.0401956	0.308919	0.322937	FALSE	FALSE	FALSE	finngen_R10_I9_MYOCARD	2	210675783	0.290799	0.0380506	Myocarditis	TRUE	reported	0.0156234	4.70748e-08	2	210675783	X-25422 levels	TRUE	reported	ebi-met1400-GCST90200661	GCST90200661	29.8335063693504	4.70748e-08	2	210675783	A	C	2:210675783	2	1	TRUE	
rs1510303	A	G	A	G	-0.101038	0.0347414	0.521954	0.53858	FALSE	FALSE	FALSE	finngen_R10_I9_MYOCARD	7	97744357	0.327101	0.0354515	Myocarditis	TRUE	reported	0.0143321	1.79209e-12	7	97744357	X-25422 levels	TRUE	reported	ebi-met1400-GCST90200661	GCST90200661	49.6992485757242	1.79209e-12	7	97744357	A	G	7:97744357	2	1	TRUE	
rs1620646	A	C	A	C	0.19375	-0.098435	0.120766	0.10896	FALSE	FALSE	FALSE	finngen_R10_I9_MYOCARD	7	97996146	0.0876032	0.0576258	Myocarditis	TRUE	reported	0.0221557	2.23159e-18	7	97996146	X-25422 levels	TRUE	reported	ebi-met1400-GCST90200661	GCST90200661	76.4737647071653	2.23159e-18	7	97996146	A	C	7:97996146	2	1	TRUE	
rs2169387	G	A	G	A	-0.134199	0.0249785	0.90217	0.854568	FALSE	FALSE	FALSE	finngen_R10_I9_MYOCARD	8	9323885	0.618991	0.0502301	Myocarditis	TRUE	reported	0.0244416	4.00599e-08	8	9323885	X-25422 levels	TRUE	reported	ebi-met1400-GCST90200661	GCST90200661	30.1466663630991	4.00599e-08	8	9323885	G	A	8:9323885	2	1	TRUE	
rs2282377	G	C	G	C	-0.198248	0.0447481	0.12992	0.121032	FALSE	TRUE	FALSE	finngen_R10_I9_MYOCARD	14	104105483	0.408671	0.054159	Myocarditis	TRUE	reported	0.0213001	1.31041e-20	14	104105483	X-25422 levels	TRUE	reported	ebi-met1400-GCST90200661	GCST90200661	86.6272134523671	1.31041e-20	14	104105483	G	C	14:104105483	2	1	TRUE	
rs10774021	T	C	T	C	0.351263	-0.0896955	0.651563	0.684435	FALSE	FALSE	FALSE	finngen_R10_I9_MYOCARD	12	240132	0.0185815	0.0381063	Myocarditis	TRUE	reported	0.0141938	3.28849e-135	12	240132	Deoxycarnitine levels	TRUE	reported	ebi-met1400-GCST90199813	GCST90199813	612.44550203627	3.28849e-135	12	240132	T	C	12:240132	2	1	TRUE	
rs1171615	T	C	T	C	0.142349	0.0117693	0.77054	0.840344	FALSE	FALSE	FALSE	finngen_R10_I9_MYOCARD	10	59709332	0.806743	0.0481105	Myocarditis	TRUE	reported	0.0168286	2.70294e-17	10	59709332	Deoxycarnitine levels	TRUE	reported	ebi-met1400-GCST90199813	GCST90199813	71.5505317338157	2.70294e-17	10	59709332	T	C	10:59709332	2	1	TRUE	
rs17243908	C	A	C	A	0.276975	-0.0390191	0.039432	0.025808	FALSE	FALSE	FALSE	finngen_R10_I9_MYOCARD	11	27095194	0.723994	0.110497	Myocarditis	TRUE	reported	0.0357078	8.71619e-15	11	27095194	Deoxycarnitine levels	TRUE	reported	ebi-met1400-GCST90199813	GCST90199813	60.1665285889781	8.71619e-15	11	27095194	C	A	11:27095194	2	1	TRUE	
rs2072536	T	C	T	C	0.0888067	-0.0399189	0.406837	0.385035	FALSE	FALSE	FALSE	finngen_R10_I9_MYOCARD	12	204273	0.275048	0.0365721	Myocarditis	TRUE	reported	0.0143927	6.81839e-10	12	204273	Deoxycarnitine levels	TRUE	reported	ebi-met1400-GCST90199813	GCST90199813	38.0721075227284	6.81839e-10	12	204273	T	C	12:204273	2	1	TRUE	
rs2255531	A	G	A	G	0.0899565	0.0202603	0.347887	0.393297	FALSE	FALSE	FALSE	finngen_R10_I9_MYOCARD	12	120977112	0.578282	0.0364463	Myocarditis	TRUE	reported	0.0146227	7.65871e-10	12	120977112	Deoxycarnitine levels	TRUE	reported	ebi-met1400-GCST90199813	GCST90199813	37.8451263253021	7.65871e-10	12	120977112	A	G	12:120977112	2	1	TRUE	
rs1115784	G	A	G	A	0.626255	-0.0814124	0.295497	0.327702	FALSE	FALSE	FALSE	finngen_R10_I9_MYOCARD	8	18397900	0.0304761	0.037624	Myocarditis	TRUE	reported	0.0162373	1.66880539388065e-308	8	18397900	5-acetylamino-6-formylamino-3-methyluracil levels	TRUE	reported	ebi-met1400-GCST90200680	GCST90200680	1487.56099748354	1.6688053938804e-308	8	18397900	G	A	8:18397900	2	1	TRUE	
rs12545528	T	G	T	G	-0.164242	0.00399304	0.390469	0.356018	FALSE	FALSE	FALSE	finngen_R10_I9_MYOCARD	8	18414438	0.913918	0.0369389	Myocarditis	TRUE	reported	0.0166001	4.41954e-23	8	18414438	5-acetylamino-6-formylamino-3-methyluracil levels	TRUE	reported	ebi-met1400-GCST90200680	GCST90200680	97.8919638615948	4.41954e-23	8	18414438	T	G	8:18414438	2	1	TRUE	
rs7836592	T	C	T	C	-0.11192	0.0161269	0.484754	0.545486	FALSE	FALSE	FALSE	finngen_R10_I9_MYOCARD	8	18157388	0.649931	0.0355329	Myocarditis	TRUE	reported	0.0163442	7.50594e-12	8	18157388	5-acetylamino-6-formylamino-3-methyluracil levels	TRUE	reported	ebi-met1400-GCST90200680	GCST90200680	46.8908458525427	7.50594e-12	8	18157388	T	C	8:18157388	2	1	TRUE	
rs971770	C	T	C	T	-0.262581	0.118462	0.925458	0.881934	FALSE	FALSE	FALSE	finngen_R10_I9_MYOCARD	8	18360305	0.0301953	0.0546535	Myocarditis	TRUE	reported	0.0311507	3.47514e-17	8	18360305	5-acetylamino-6-formylamino-3-methyluracil levels	TRUE	reported	ebi-met1400-GCST90200680	GCST90200680	71.0543997936854	3.47514e-17	8	18360305	C	T	8:18360305	2	1	TRUE	
rs139097404	C	T	C	T	0.289241	-0.28135	0.0265712	0.00469198	FALSE	FALSE	FALSE	finngen_R10_I9_MYOCARD	15	43641743	0.281749	0.261381	Myocarditis	TRUE	reported	0.0469129	7.02638e-10	15	43641743	1-stearoyl-GPE (18:0) levels	TRUE	reported	ebi-met1400-GCST90199772	GCST90199772	38.0132627815758	7.02638e-10	15	43641743	C	T	15:43641743	2	1	TRUE	
rs174560	C	T	C	T	-0.0922747	-0.0397606	0.308028	0.388804	FALSE	FALSE	FALSE	finngen_R10_I9_MYOCARD	11	61814292	0.27184	0.0361843	Myocarditis	TRUE	reported	0.0163052	1.52072e-08	11	61814292	1-stearoyl-GPE (18:0) levels	TRUE	reported	ebi-met1400-GCST90199772	GCST90199772	32.0267613290146	1.52072e-08	11	61814292	C	T	11:61814292	2	1	TRUE	
rs35853021	T	G	T	G	0.209211	0.0715595	0.349697	0.399544	FALSE	FALSE	FALSE	finngen_R10_I9_MYOCARD	15	58388444	0.0476431	0.0361313	Myocarditis	TRUE	reported	0.0156847	1.38224e-40	15	58388444	1-stearoyl-GPE (18:0) levels	TRUE	reported	ebi-met1400-GCST90199772	GCST90199772	177.916652158387	1.38224e-40	15	58388444	T	G	15:58388444	2	1	TRUE	
rs438811	T	C	T	C	0.116028	-0.0191557	0.223265	0.238337	FALSE	FALSE	FALSE	finngen_R10_I9_MYOCARD	19	44913484	0.645473	0.0416375	Myocarditis	TRUE	reported	0.018073	1.36284e-10	19	44913484	1-stearoyl-GPE (18:0) levels	TRUE	reported	ebi-met1400-GCST90199772	GCST90199772	41.215931102977	1.36284e-10	19	44913484	T	C	19:44913484	2	1	TRUE	
rs633695	G	A	G	A	0.16951	-0.00336696	0.284666	0.304332	FALSE	FALSE	FALSE	finngen_R10_I9_MYOCARD	15	58433640	0.930287	0.0384864	Myocarditis	TRUE	reported	0.0169379	1.409e-23	15	58433640	1-stearoyl-GPE (18:0) levels	TRUE	reported	ebi-met1400-GCST90199772	GCST90199772	100.15474251068	1.409e-23	15	58433640	G	A	15:58433640	2	1	TRUE	
rs77692382	T	C	T	C	0.183751	0.0714519	0.249206	0.200319	FALSE	FALSE	FALSE	finngen_R10_I9_MYOCARD	1	39941043	0.1064	0.044254	Myocarditis	TRUE	reported	0.017437	5.77053e-26	1	39941043	1-stearoyl-GPE (18:0) levels	TRUE	reported	ebi-met1400-GCST90199772	GCST90199772	111.049315878456	5.77053e-26	1	39941043	T	C	1:39941043	2	1	TRUE	
rs780093	C	T	C	T	-0.0905397	-0.0500351	0.597446	0.647936	FALSE	FALSE	FALSE	finngen_R10_I9_MYOCARD	2	27519736	0.178082	0.0371543	Myocarditis	TRUE	reported	0.0153703	3.84867e-09	2	27519736	1-stearoyl-GPE (18:0) levels	TRUE	reported	ebi-met1400-GCST90199772	GCST90199772	34.6987167601723	3.84867e-09	2	27519736	C	T	2:27519736	2	1	TRUE	
